<?xml version="1.0" encoding="ascii"?>
<history><client name="pkg" version="1.122.2-50.2809"><args><arg><![CDATA[/znfs/repine/export3/UC2.0/pkg-toolkit-sunos-sparc-uc2.3-u3/pkg/bin/client.py]]></arg><arg><![CDATA[install]]></arg><arg><![CDATA[mq-core]]></arg></args></client><operation end_time="20110215T084459Z" name="install" result="Succeeded" start_time="20110215T084457Z" userid="10" username="java_re"><start_state><![CDATA[UNEVALUATED:
+pkg:/mq-core@4.5,0-29.2:20110210T074434Z
]]></start_state><end_state><![CDATA[None -> pkg:/mq-core@4.5,0-29.2:20110210T074434Z
]]></end_state></operation></history>