<?xml version="1.0" encoding="ascii"?>
<history><client name="pkg" version="1.122.2-50.2809"><args><arg><![CDATA[/znfs/repine/export3/UC2.0/pkg-toolkit-sunos-sparc-uc2.3-u3/pkg/bin/client.py]]></arg><arg><![CDATA[install]]></arg><arg><![CDATA[glassfish-oracle-jdbc-drivers]]></arg></args></client><operation end_time="20110215T084404Z" name="install" result="Succeeded" start_time="20110215T084403Z" userid="10" username="java_re"><start_state><![CDATA[UNEVALUATED:
+pkg:/glassfish-oracle-jdbc-drivers@11.2.0.2.0,0-0:20110215T081211Z
]]></start_state><end_state><![CDATA[None -> pkg:/glassfish-oracle-jdbc-drivers@11.2.0.2.0,0-0:20110215T081211Z
]]></end_state></operation></history>