<?xml version="1.0" encoding="ascii"?>
<history><client name="pkg" version="1.122.2-50.2809"><args><arg><![CDATA[/znfs/repine/export3/UC2.0/pkg-toolkit-sunos-sparc-uc2.3-u3/pkg/bin/client.py]]></arg><arg><![CDATA[set-authority]]></arg><arg><![CDATA[-P]]></arg><arg><![CDATA[-O]]></arg><arg><![CDATA[http://localhost:16500/]]></arg><arg><![CDATA[release.glassfish.oracle.com]]></arg></args></client><operation end_time="20110215T084534Z" name="update-publisher" result="Succeeded" start_time="20110215T084534Z" userid="10" username="java_re"/></history>