<?xml version="1.0" encoding="ascii"?>
<history><client name="pkg" version="1.122.2-50.2809"><args><arg><![CDATA[/znfs/repine/export3/UC2.0/pkg-toolkit-sunos-sparc-uc2.3-u3/pkg/bin/client.py]]></arg><arg><![CDATA[install]]></arg><arg><![CDATA[glassfish-common]]></arg></args></client><operation end_time="20110215T084311Z" name="install" result="Succeeded" start_time="20110215T084310Z" userid="10" username="java_re"><start_state><![CDATA[UNEVALUATED:
+pkg:/glassfish-common@3.1,0-43:20110215T074007Z
]]></start_state><end_state><![CDATA[None -> pkg:/glassfish-common@3.1,0-43:20110215T074007Z
None -> pkg:/glassfish-corba-base@3.1.0,0-27:20110215T070738Z
]]></end_state></operation></history>